ID,post_date_gmt,post_content
3587,"2023-12-20 02:10:37",
4161,"2023-12-22 04:37:24",
4165,"2023-12-22 21:17:14",
4169,"2023-12-22 22:52:00",
4212,"2023-12-23 00:25:35",
4231,"2023-12-23 00:55:03",
4232,"2023-12-23 01:09:18",
4578,"2023-12-25 17:16:16",
4704,"2023-12-26 02:09:20",
5006,"2023-12-29 18:49:52",
7480,"2024-01-08 06:52:58",
7783,"2024-01-09 05:40:02",
7794,"2024-01-09 06:06:10",
8132,"2024-01-13 04:29:49",
9453,"2024-03-17 11:51:13",
10349,"2024-08-15 10:51:41",
11437,"2024-08-18 08:28:56",
11695,"2024-08-18 20:25:58",
11696,"2024-08-18 20:30:35",
11701,"2024-08-18 22:50:50",
11706,"2024-08-18 22:57:52",
11711,"2024-08-18 23:01:44",
11938,"2024-08-19 05:06:44",
11950,"2024-08-19 05:50:28",
12244,"2024-08-19 19:53:23",
12271,"2024-08-19 20:38:27",
12280,"2024-08-19 21:58:00",
12282,"2024-08-19 22:04:05",
12290,"2024-08-19 22:28:55",
12291,"2024-08-19 22:31:52",
12299,"2024-08-19 22:51:19",
12307,"2024-08-19 23:03:04",
12308,"2024-08-19 23:09:01",
12318,"2024-08-19 23:16:47",
12322,"2024-08-19 23:23:05",
12326,"2024-08-19 23:40:40",
12327,"2024-08-19 23:43:10",
12331,"2024-08-19 23:48:26",
12332,"2024-08-19 23:52:09",
12479,"2024-08-20 06:44:00",
12483,"2024-08-20 06:56:21",
12484,"2024-08-20 07:00:56",
12495,"2024-08-20 07:15:55",
12496,"2024-08-20 07:17:47",
12511,"2024-08-20 07:30:04",
12512,"2024-08-20 07:33:21",
12516,"2024-08-20 07:42:17",
12522,"2024-08-20 07:47:34",
12524,"2024-08-20 07:52:43",
12550,"2024-08-20 08:21:32",
12564,"2024-08-20 08:35:31",
12569,"2024-08-20 09:00:08",
12570,"2024-08-20 09:01:14",
12571,"2024-08-20 09:02:54",
12581,"2024-08-20 09:11:14",
12588,"2024-08-20 17:19:44",
12661,"2024-08-21 08:06:07",
12672,"2024-08-21 08:28:19",
12673,"2024-08-21 08:45:55",
12674,"2024-08-21 09:00:39",
12684,"2024-08-21 09:54:00",
12685,"2024-08-21 09:58:55",
12705,"2024-08-22 00:57:31",
12736,"2024-08-22 02:05:57",
12789,"2024-08-22 15:49:40",
12796,"2024-08-22 15:52:27",
12800,"2024-08-22 15:55:56",
12801,"2024-08-22 16:01:03",
12882,"2024-08-23 05:05:07",
12948,"2024-08-23 23:54:57",
12988,"2024-08-24 00:43:59",
13031,"2024-08-24 01:34:58",
13083,"2024-08-24 03:12:07",
13353,"2024-08-25 18:38:30",
13494,"2024-08-26 01:43:39",
13499,"2024-08-26 02:50:25",
13748,"2024-08-27 20:50:46",
13946,"2024-08-28 17:39:27",
13947,"2024-08-28 17:46:44",
14002,"2024-08-29 05:12:01",
14003,"2024-08-29 05:12:36",
14011,"2024-08-29 05:28:15",
14580,"2024-08-30 17:00:07",
14614,"2024-08-30 21:03:57",
14615,"2024-08-30 22:05:36",
14814,"2024-09-01 06:59:58",
14824,"2024-09-01 07:05:02",
14828,"2024-09-01 07:11:55",
14831,"2024-09-01 07:19:31",
14836,"2024-09-01 07:23:48",
14840,"2024-09-01 07:29:35",
15458,"2024-09-02 21:13:07",
15474,"2024-09-02 21:27:46",
15567,"2024-09-03 01:36:17",
15829,"2024-09-03 07:30:02",
15880,"2024-09-04 17:02:16",
15881,"2024-09-04 19:54:32",
15973,"2024-09-05 00:14:43",
16564,"2024-09-08 22:02:44",
16687,"2024-09-09 15:03:55",
16688,"2024-09-09 15:21:14",
16755,"2024-09-11 19:26:06",
16797,"2024-09-11 22:10:41",
16818,"2024-09-11 22:41:05",
16822,"2024-09-12 02:34:57",
17966,"2024-09-15 20:49:54",
18211,"2024-09-16 22:33:31",
18623,"2024-09-18 21:01:22",
18624,"2024-09-18 21:08:29",
18625,"2024-09-18 21:14:04",
18626,"2024-09-18 21:21:26",
18627,"2024-09-18 21:36:06",
19332,"2024-09-20 00:47:36",
20122,"2024-09-24 13:40:44",
20123,"2024-09-24 17:37:30",
20684,"2024-09-26 14:54:40",
20685,"2024-09-27 00:03:36",
20786,"2024-09-27 21:36:42",
20787,"2024-09-27 21:49:12",
20788,"2024-09-27 21:54:42",
21236,"2024-09-28 15:44:22",
21512,"2024-09-30 09:29:59",
21589,"2024-10-02 01:33:29",
22819,"2024-10-09 07:38:00",
24833,"2024-10-14 22:38:04",
25090,"2024-10-16 03:49:46",
25288,"2024-10-19 05:10:56",
25289,"2024-10-19 14:26:53",
25292,"2024-10-20 22:08:01",
25293,"2024-10-21 18:42:11",
25548,"2024-10-22 20:17:54",
25549,"2024-10-22 22:01:49",
25550,"2024-10-22 22:44:24",
25552,"2024-10-22 23:04:40",
25553,"2024-10-22 23:45:24",
25728,"2024-10-25 00:12:22",
25747,"2024-10-25 15:00:13",
25872,"2024-10-26 20:41:55",
25993,"2024-10-28 18:15:24",
25994,"2024-10-30 01:58:00",
25995,"2024-10-30 03:20:13",
25996,"2024-10-30 03:26:44",
26011,"2024-10-31 16:38:35",
26012,"2024-10-31 17:57:00",
26023,"2024-11-01 16:28:35",
26024,"2024-11-01 16:45:23",
26327,"2024-11-04 13:44:34",
26387,"2024-11-04 18:15:11",
26388,"2024-11-04 18:19:34",
26389,"2024-11-04 20:56:03",
26398,"2024-11-08 21:57:38",
26400,"2024-11-09 01:41:50",
26545,"2024-11-09 08:44:16",
26558,"2024-11-09 09:00:20",
26589,"2024-11-09 09:27:43",
26611,"2024-11-09 10:30:13",
26612,"2024-11-09 11:00:06",
26643,"2024-11-10 04:47:48",
26721,"2024-11-10 06:46:53",
26762,"2024-11-10 07:26:11",
26766,"2024-11-10 08:07:59",
27087,"2024-11-11 06:23:12",
